Amazon Order ID,Odoo Order IDs,Odoo Order Names,Invoice Statuses,States,Amounts
305-5441953-3374718,203368; 203375,FBA305-5441953-3374718; FBA305-5441953-3374718,no; to invoice,cancel; sale,29.691; 30.19
404-4249374-4725910,203366; 203379,FBA404-4249374-4725910; FBA404-4249374-4725910,no; to invoice,cancel; sale,51.54; 51.97
305-7059980-7167513,203365; 203371,FBA305-7059980-7167513; FBA305-7059980-7167513,no; to invoice,cancel; sale,29.691; 30.19
171-7011105-5790754,203363; 203373,FBA171-7011105-5790754; FBA171-7011105-5790754,no; to invoice,cancel; sale,63.318; 62.799
402-4594907-7090723,203360; 203378,FBA402-4594907-7090723; FBA402-4594907-7090723,no; to invoice,cancel; sale,29.94; 30.19
171-0730141-7775519,203359; 203381,FBA171-0730141-7775519; FBA171-0730141-7775519,no; to invoice,cancel; sale,41.94; 42.29
402-6080861-3621918,203356; 203372,FBA402-6080861-3621918; FBA402-6080861-3621918,no; to invoice,cancel; sale,41.94; 42.29
305-6585905-1774741,202937; 202880,FBA305-6585905-1774741; FBA305-6585905-1774741,to invoice; invoiced,sale; sale,28.98; 30.19
303-9642954-3735529,202732; 202731,FBA303-9642954-3735529; FBA303-9642954-3735529,invoiced; to invoice,sale; sale,159.321; 26.378
306-8525194-9408330,200975; 200893,FBA306-8525194-9408330; FBA306-8525194-9408330,invoiced; to invoice,sale; sale,21.78; 22.93
302-5095086-4027529,199443; 199442,FBA302-5095086-4027529; FBA302-5095086-4027529,invoiced; to invoice,sale; sale,13.734; 11.435
306-9521905-0047533,199375; 199374,FBA306-9521905-0047533; FBA306-9521905-0047533,invoiced; to invoice,sale; sale,86.939; 28.98
408-2603266-8275526,198998; 198868,FBA408-2603266-8275526; FBA408-2603266-8275526,invoiced; to invoice,sale; sale,118.459; 59.23
171-6162320-1030714,197960; 197804,FBA171-6162320-1030714; FBA171-6162320-1030714,invoiced; to invoice,sale; sale,66.744; 133.464
171-1446702-0353908,196504; 196230,FBA171-1446702-0353908; FBA171-1446702-0353908,to invoice; to invoice,sale; sale,79.691; 159.357
302-3733782-9613967,196184; 195785,FBA302-3733782-9613967; FBA302-3733782-9613967,to invoice; invoiced,sale; sale,28.677; 19.481
306-0083754-7315501,195866; 195865,FBA306-0083754-7315501; FBA306-0083754-7315501,to invoice; invoiced,sale; sale,29.826; 28.677
302-2101787-0764357,197312; 197232,FBA302-2101787-0764357; FBA302-2101787-0764357,to invoice; invoiced,sale; sale,22.93; 58.503
028-6803661-0326727,196730; 195831,FBA028-6803661-0326727; FBA028-6803661-0326727,invoiced; to invoice,sale; sale,13.056; 13.032
028-9483459-8654759,194853; 194539,FBA028-9483459-8654759; FBA028-9483459-8654759,to invoice; to invoice,sale; sale,80.392; 80.417
028-0430669-0296337,195294; 194172,FBA028-0430669-0296337; FBA028-0430669-0296337,invoiced; no,sale; sale,22.93; 23.994
404-2817326-2669110,194719; 193759,FBA404-2817326-2669110; FBA404-2817326-2669110,invoiced; to invoice,sale; sale,27.31; 22.76
306-1607327-1583524,193612; 193611,FBA306-1607327-1583524; FBA306-1607327-1583524,to invoice; invoiced,sale; sale,26.378; 26.378
028-1729683-1336307,202401; 202118,FBA028-1729683-1336307; FBA028-1729683-1336307,invoiced; to invoice,sale; sale,24.14; 24.14
305-2501197-5144368,202507; 202295,FBA305-2501197-5144368; FBA305-2501197-5144368,to invoice; to invoice,sale; sale,20.28; 40.56
306-6337272-6929150,192874; 192268,FBA306-6337272-6929150; FBA306-6337272-6929150,invoiced; invoiced,sale; sale,29.826; 29.826
303-5086106-1269949,191960; 191819,FBA303-5086106-1269949; FBA303-5086106-1269949,invoiced; invoiced,sale; sale,72.358; 72.358
303-8740956-6452336,202308; 193150,FBA303-8740956-6452336; FBA303-8740956-6452336,to invoice; invoiced,sale; sale,28.677; 28.677
306-3249520-8729964,202164; 191762,FBA306-3249520-8729964; FBA306-3249520-8729964,to invoice; invoiced,sale; sale,28.677; 22.93
303-9083132-7198733,191952; 191462,FBA303-9083132-7198733; FBA303-9083132-7198733,invoiced; invoiced,sale; sale,44.419; 44.419
302-9733209-2672369,192105; 191360,FBA302-9733209-2672369; FBA302-9733209-2672369,invoiced; invoiced,sale; sale,29.826; 28.677
305-3191545-0496301,192987; 191219,FBA305-3191545-0496301; FBA305-3191545-0496301,invoiced; invoiced,sale; sale,40.172; 40.172
306-4577341-4206710,190752; 190715,FBA306-4577341-4206710; FBA306-4577341-4206710,to invoice; invoiced,sale; sale,28.677; 27.528
304-9197229-4367520,190786; 190723,FBA304-9197229-4367520; FBA304-9197229-4367520,invoiced; invoiced,sale; sale,22.93; 22.93
403-8258123-6903555,190219; 190218,FBA403-8258123-6903555; FBA403-8258123-6903555,invoiced; invoiced,sale; sale,21.78; 22.93
402-7704019-3889968,189373; 189144,FBA402-7704019-3889968; FBA402-7704019-3889968,to invoice; to invoice,sale; sale,23.547; 25.737
028-8155643-7790746,189434; 189362,FBA028-8155643-7790746; FBA028-8155643-7790746,to invoice; to invoice,sale; sale,11.095; 33.213
407-4016096-5817920,202807; 196885; 188881,FBA407-4016096-5817920; FBA407-4016096-5817920; FBA407-4016096-5817920,to invoice; to invoice; invoiced,sale; sale; sale,31.4; 65.22; 31.4
407-8845531-3980311,189361; 188727,FBA407-8845531-3980311; FBA407-8845531-3980311,to invoice; to invoice,sale; sale,25.543; 102.196
402-3175896-1619557,188450; 188449,FBA402-3175896-1619557; FBA402-3175896-1619557,to invoice; to invoice,sale; sale,311.174; 194.495
306-7679582-6019565,188494; 188030,FBA306-7679582-6019565; FBA306-7679582-6019565,to invoice; to invoice,sale; sale,40.172; 40.172
404-2751749-0119545,187552; 187135,FBA404-2751749-0119545; FBA404-2751749-0119545,to invoice; to invoice,sale; sale,19.784; 19.784
306-1555196-2273112,187129; 186739,FBA306-1555196-2273112; FBA306-1555196-2273112,to invoice; to invoice,sale; sale,31.715; 31.69
028-6855614-1025963,185479; 185341,FBA028-6855614-1025963; FBA028-6855614-1025963,invoiced; invoiced,sale; sale,44.431; 22.191
407-7315844-7265912,183836; 183700,FBA407-7315844-7265912; FBA407-7315844-7265912,to invoice; to invoice,sale; sale,195.658; 293.486
306-0825923-2865132,202655; 184866,FBA306-0825923-2865132; FBA306-0825923-2865132,to invoice; to invoice,sale; sale,55.55; 14.411
302-5061501-9172306,201901; 198702,FBA302-5061501-9172306; FBA302-5061501-9172306,to invoice; invoiced,sale; sale,22.93; 30.976
306-3158532-3101140,182816; 182602,FBA306-3158532-3101140; FBA306-3158532-3101140,to invoice; to invoice,sale; sale,26.656; 26.669
303-6245560-3973967,181165; 181084,FBA303-6245560-3973967; FBA303-6245560-3973967,invoiced; no,sale; sale,80.284; 46.222
028-4079040-6911569,180689; 180576,FBA028-4079040-6911569; FBA028-4079040-6911569,invoiced; no,sale; sale,29.838; 29.814
404-4862606-5257135,180164; 180163; 179477,FBA404-4862606-5257135; FBA404-4862606-5257135; FBA404-4862606-5257135,invoiced; to invoice; to invoice,sale; sale; sale,28.98; 86.939; 28.98
407-5802760-3321967,178975; 178894,FBA407-5802760-3321967; FBA407-5802760-3321967,to invoice; invoiced,sale; sale,77.211; 25.737
303-8242179-8890711,175578; 175577,FBA303-8242179-8890711; FBA303-8242179-8890711,to invoice; to invoice,sale; sale,31.859; 26.995
305-8822360-5344313,175323; 174965,FBA305-8822360-5344313; FBA305-8822360-5344313,invoiced; invoiced,sale; sale,29.826; 27.528
403-1369103-0588303,174227; 174226,FBA403-1369103-0588303; FBA403-1369103-0588303,to invoice; invoiced,sale; sale,71.317; 106.976
306-1702290-9738735,174975; 174070,FBA306-1702290-9738735; FBA306-1702290-9738735,invoiced; invoiced,sale; sale,28.677; 22.93
305-7719602-8719536,174063; 173931,FBA305-7719602-8719536; FBA305-7719602-8719536,to invoice; to invoice,sale; sale,150.114; 100.08
303-3548160-5577111,173442; 173194,FBA303-3548160-5577111; FBA303-3548160-5577111,invoiced; no,sale; sale,28.677; 29.826
028-5133767-6877912,172868; 172720,FBA028-5133767-6877912; FBA028-5133767-6877912,invoiced; to invoice,sale; sale,77.815; 116.716
028-2221267-3757968,171952; 171525,FBA028-2221267-3757968; FBA028-2221267-3757968,invoiced; invoiced,sale; sale,137.601; 68.789
305-7253492-7866755,172587; 172457,FBA305-7253492-7866755; FBA305-7253492-7866755,to invoice; to invoice,sale; sale,57.367; 57.354
408-4528102-6190720,168990; 168968,FBA408-4528102-6190720; FBA408-4528102-6190720,to invoice; invoiced,sale; sale,28.98; 21.72
302-3291142-0820325,168789; 168751,FBA302-3291142-0820325; FBA302-3291142-0820325,invoiced; invoiced,sale; sale,28.677; 28.677
302-2444688-2684345,167837; 167309,FBA302-2444688-2684345; FBA302-2444688-2684345,to invoice; invoiced,sale; sale,51.667; 42.471
402-5977887-8719559,167311; 167310,FBA402-5977887-8719559; FBA402-5977887-8719559,to invoice; invoiced,sale; sale,26.16; 27.177
304-7931343-6092353,167163; 167081,FBA304-7931343-6092353; FBA304-7931343-6092353,invoiced; invoiced,sale; sale,29.826; 28.677
302-5157911-7018721,167596; 167418,FBA302-5157911-7018721; FBA302-5157911-7018721,to invoice; invoiced,sale; sale,28.677; 28.677
303-4790363-1071563,167456; 167455,FBA303-4790363-1071563; FBA303-4790363-1071563,to invoice; invoiced,sale; sale,14.883; 28.677
302-1754197-5006725,166670; 166626,FBA302-1754197-5006725; FBA302-1754197-5006725,invoiced; invoiced,sale; sale,39.023; 39.023
306-1951731-9129933,166306; 166257,FBA306-1951731-9129933; FBA306-1951731-9129933,to invoice; no,sale; sale,19.481; 28.677
304-1163529-8781917,166239; 163474,FBA304-1163529-8781917; FBA304-1163529-8781917,invoiced; invoiced,sale; sale,28.677; 30.976
402-6970331-1253152,163374; 162274,FBA402-6970331-1253152; FBA402-6970331-1253152,invoiced; invoiced,sale; sale,21.72; 28.98
408-1153632-2437963,162283; 162282; 162158,FBA408-1153632-2437963; FBA408-1153632-2437963; FBA408-1153632-2437963,to invoice; to invoice; invoiced,sale; sale; sale,24.14; 32.61; 65.219
028-4664531-8066725,166154; 162586,FBA028-4664531-8066725; FBA028-4664531-8066725,to invoice; no,sale; sale,30.976; 28.677
304-2002058-6712330,162597; 161900,FBA304-2002058-6712330; FBA304-2002058-6712330,to invoice; to invoice,sale; sale,28.677; 19.481
403-1851592-9427545,161313; 160826,FBA403-1851592-9427545; FBA403-1851592-9427545,invoiced; invoiced,sale; sale,27.77; 31.4
303-3394849-0909956,161923; 160795,FBA303-3394849-0909956; FBA303-3394849-0909956,invoiced; invoiced,sale; sale,28.69; 22.869
403-8377281-4121116,162326; 161698; 161177,FBA403-8377281-4121116; FBA403-8377281-4121116; FBA403-8377281-4121116,invoiced; to invoice; invoiced,sale; sale; sale,33.82; 26.56; 33.82
302-4962364-2497122,160298; 159723,FBA302-4962364-2497122; FBA302-4962364-2497122,invoiced; invoiced,sale; sale,28.677; 28.677
302-4416015-8525938,160156; 159879,FBA302-4416015-8525938; FBA302-4416015-8525938,to invoice; to invoice,sale; sale,29.004; 26.04
405-2107161-1985115,159342; 159341,FBA405-2107161-1985115; FBA405-2107161-1985115,to invoice; invoiced,sale; sale,59.23; 59.23
405-9734608-4704361,159566; 159348,FBA405-9734608-4704361; FBA405-9734608-4704361,invoiced; invoiced,sale; sale,32.61; 32.61
407-9823144-7251568,159340; 159227,FBA407-9823144-7251568; FBA407-9823144-7251568,invoiced; invoiced,sale; sale,22.93; 30.19
305-2789583-7993127,159103; 159002,FBA305-2789583-7993127; FBA305-2789583-7993127,invoiced; invoiced,sale; sale,28.677; 28.677
303-2733410-2625107,160451; 159074,FBA303-2733410-2625107; FBA303-2733410-2625107,invoiced; invoiced,sale; sale,28.677; 28.677
305-9627293-9645132,160742; 158889,FBA305-9627293-9645132; FBA305-9627293-9645132,invoiced; invoiced,sale; sale,28.677; 28.677
304-2693401-0398725,158762; 158761,FBA304-2693401-0398725; FBA304-2693401-0398725,invoiced; invoiced,sale; sale,86.031; 28.69
028-8424945-8147527,158646; 158104,FBA028-8424945-8147527; FBA028-8424945-8147527,invoiced; invoiced,sale; sale,28.677; 28.677
306-1954132-7002746,158896; 158196,FBA306-1954132-7002746; FBA306-1954132-7002746,invoiced; invoiced,sale; sale,28.69; 28.665
304-9087674-9077119,158101; 158100,FBA304-9087674-9077119; FBA304-9087674-9077119,invoiced; invoiced,sale; sale,22.93; 25.229
028-7315451-2021127,158509; 157529,FBA028-7315451-2021127; FBA028-7315451-2021127,to invoice; invoiced,sale; sale,28.677; 22.93
304-6420591-6667566,157417; 157416,FBA304-6420591-6667566; FBA304-6420591-6667566,to invoice; to invoice,sale; sale,31.702; 27.116
305-8877608-2281139,157381; 157380,FBA305-8877608-2281139; FBA305-8877608-2281139,to invoice; invoiced,sale; sale,28.677; 28.677
402-6847339-4194746,158506; 157526,FBA402-6847339-4194746; FBA402-6847339-4194746,invoiced; invoiced,sale; sale,31.4; 21.72
304-2828435-1344338,157385; 157384,FBA304-2828435-1344338; FBA304-2828435-1344338,to invoice; invoiced,sale; sale,28.677; 28.677
303-1170293-5869905,157509; 157508,FBA303-1170293-5869905; FBA303-1170293-5869905,invoiced; invoiced,sale; sale,28.677; 14.883
028-5802679-7877906,157605; 157604,FBA028-5802679-7877906; FBA028-5802679-7877906,to invoice; invoiced,sale; sale,28.677; 25.229
304-9837286-7630747,157769; 157768,FBA304-9837286-7630747; FBA304-9837286-7630747,to invoice; invoiced,sale; sale,28.677; 30.976
305-2863653-0904316,155527; 155526,FBA305-2863653-0904316; FBA305-2863653-0904316,to invoice; invoiced,sale; sale,22.93; 28.677
028-0680031-3460316,158051; 155729,FBA028-0680031-3460316; FBA028-0680031-3460316,invoiced; invoiced,sale; sale,28.677; 28.677
304-3799133-0764369,155509; 155508,FBA304-3799133-0764369; FBA304-3799133-0764369,invoiced; invoiced,sale; sale,28.677; 59.665
402-6887886-0343545,158877; 155742,FBA402-6887886-0343545; FBA402-6887886-0343545,invoiced; invoiced,sale; sale,32.61; 31.4
302-3241617-2545906,157984; 155695,FBA302-3241617-2545906; FBA302-3241617-2545906,to invoice; invoiced,sale; sale,28.677; 28.677
306-4803230-9656343,158292; 155821,FBA306-4803230-9656343; FBA306-4803230-9656343,invoiced; invoiced,sale; sale,29.826; 28.677
304-4905739-2594762,157937; 155518,FBA304-4905739-2594762; FBA304-4905739-2594762,invoiced; invoiced,sale; sale,28.677; 28.677
304-0793720-9467545,157976; 157975,FBA304-0793720-9467545; FBA304-0793720-9467545,to invoice; invoiced,sale; sale,28.677; 28.677
305-1031445-8829124,156809; 156808,FBA305-1031445-8829124; FBA305-1031445-8829124,to invoice; invoiced,sale; sale,30.976; 22.93
302-9231726-2697936,156780; 155649,FBA302-9231726-2697936; FBA302-9231726-2697936,to invoice; invoiced,sale; sale,25.229; 30.976
305-7424532-2447506,155726; 155725,FBA305-7424532-2447506; FBA305-7424532-2447506,to invoice; invoiced,sale; sale,28.677; 28.677
171-0677876-0641142,158053; 156916,FBA171-0677876-0641142; FBA171-0677876-0641142,invoiced; invoiced,sale; sale,28.98; 28.98
303-5019804-4460329,156730; 156729,FBA303-5019804-4460329; FBA303-5019804-4460329,to invoice; invoiced,sale; sale,25.229; 57.366
302-6511463-2772361,156947; 156946,FBA302-6511463-2772361; FBA302-6511463-2772361,to invoice; invoiced,sale; sale,25.229; 30.976
304-7914453-5087534,157865; 157864,FBA304-7914453-5087534; FBA304-7914453-5087534,to invoice; no,sale; sale,28.677; 28.677
028-1973384-7060324,156703; 156702,FBA028-1973384-7060324; FBA028-1973384-7060324,to invoice; no,sale; sale,28.677; 28.677
302-4929337-5442718,155844; 155409,FBA302-4929337-5442718; FBA302-4929337-5442718,invoiced; invoiced,sale; sale,29.826; 28.677
028-4464774-6426724,157138; 157137,FBA028-4464774-6426724; FBA028-4464774-6426724,to invoice; invoiced,sale; sale,45.86; 28.69
305-3530847-4177162,157116; 157115,FBA305-3530847-4177162; FBA305-3530847-4177162,to invoice; invoiced,sale; sale,28.677; 29.826
305-9312701-0020344,155914; 155913,FBA305-9312701-0020344; FBA305-9312701-0020344,invoiced; to invoice,sale; sale,28.677; 57.367
306-1004185-0755502,156763; 156279,FBA306-1004185-0755502; FBA306-1004185-0755502,to invoice; invoiced,sale; sale,24.103; 28.677
303-9005955-9422721,156756; 156299,FBA303-9005955-9422721; FBA303-9005955-9422721,to invoice; invoiced,sale; sale,57.367; 28.677
028-2354504-2770702,156185; 156184,FBA028-2354504-2770702; FBA028-2354504-2770702,to invoice; invoiced,sale; sale,57.354; 28.69
028-3531747-9863542,155974; 155973,FBA028-3531747-9863542; FBA028-3531747-9863542,to invoice; invoiced,sale; sale,28.677; 25.229
304-2543067-3839552,156256; 156255,FBA304-2543067-3839552; FBA304-2543067-3839552,to invoice; invoiced,sale; sale,25.229; 28.677
406-8249564-6004320,156918; 155775,FBA406-8249564-6004320; FBA406-8249564-6004320,to invoice; to invoice,sale; sale,74.85; 174.65
303-8305542-4833950,157312; 156240,FBA303-8305542-4833950; FBA303-8305542-4833950,invoiced; invoiced,sale; sale,29.826; 28.677
304-9668786-9293136,154467; 154466,FBA304-9668786-9293136; FBA304-9668786-9293136,to invoice; invoiced,sale; sale,50.457; 57.366
305-0925679-0728368,157461; 157460,FBA305-0925679-0728368; FBA305-0925679-0728368,to invoice; invoiced,sale; sale,28.677; 28.677
305-8799263-5440357,156189; 156188,FBA305-8799263-5440357; FBA305-8799263-5440357,to invoice; invoiced,sale; sale,25.229; 25.229
303-0328412-5756332,156226; 156225,FBA303-0328412-5756332; FBA303-0328412-5756332,to invoice; to invoice,sale; sale,28.677; 25.229
303-9522558-8544357,154623; 154622,FBA303-9522558-8544357; FBA303-9522558-8544357,invoiced; invoiced,sale; sale,28.677; 28.677
306-3978259-8716345,154601; 154600,FBA306-3978259-8716345; FBA306-3978259-8716345,to invoice; invoiced,sale; sale,28.677; 28.677
303-0762492-4377160,156276; 156275,FBA303-0762492-4377160; FBA303-0762492-4377160,to invoice; invoiced,sale; sale,22.93; 25.229
306-0049962-8505905,154637; 154636,FBA306-0049962-8505905; FBA306-0049962-8505905,to invoice; invoiced,sale; sale,28.677; 57.367
028-0207704-9153939,156222; 155096,FBA028-0207704-9153939; FBA028-0207704-9153939,invoiced; invoiced,sale; sale,28.677; 28.677
303-7682757-3099552,156579; 156578,FBA303-7682757-3099552; FBA303-7682757-3099552,to invoice; to invoice,sale; sale,57.366; 45.86
303-5654460-2869133,156393; 154165,FBA303-5654460-2869133; FBA303-5654460-2869133,invoiced; invoiced,sale; sale,25.229; 28.677
302-3141834-5012328,155233; 154168,FBA302-3141834-5012328; FBA302-3141834-5012328,invoiced; invoiced,sale; sale,28.677; 28.677
305-4459799-9653125,155989; 155988,FBA305-4459799-9653125; FBA305-4459799-9653125,to invoice; invoiced,sale; sale,25.229; 29.826
306-8256880-1657901,154262; 154261,FBA306-8256880-1657901; FBA306-8256880-1657901,to invoice; to invoice,sale; sale,28.677; 28.677
305-9568449-3467563,154305; 154304,FBA305-9568449-3467563; FBA305-9568449-3467563,to invoice; to invoice,sale; sale,22.93; 25.229
028-6470478-1358752,154301; 154300,FBA028-6470478-1358752; FBA028-6470478-1358752,to invoice; invoiced,sale; sale,28.677; 28.677
305-3874549-3449910,155345; 154259,FBA305-3874549-3449910; FBA305-3874549-3449910,invoiced; invoiced,sale; sale,29.838; 29.814
404-1629243-7773942,154918; 154917,FBA404-1629243-7773942; FBA404-1629243-7773942,to invoice; invoiced,sale; sale,30.19; 30.19
028-3269120-3967565,146342; 146341,FBA028-3269120-3967565; FBA028-3269120-3967565,to invoice; invoiced,sale; sale,22.93; 25.229
306-7220062-7078765,146395; 146394,FBA306-7220062-7078765; FBA306-7220062-7078765,to invoice; invoiced,sale; sale,28.677; 22.93
304-0733778-3025113,146435; 146434,FBA304-0733778-3025113; FBA304-0733778-3025113,to invoice; invoiced,sale; sale,33.275; 30.976
302-8473887-8005144,145741; 145480,FBA302-8473887-8005144; FBA302-8473887-8005144,invoiced; invoiced,sale; sale,30.988; 30.964
304-7943052-1218738,145383; 145072,FBA304-7943052-1218738; FBA304-7943052-1218738,invoiced; invoiced,sale; sale,30.976; 30.976
305-4170320-3146765,144984; 144983,FBA305-4170320-3146765; FBA305-4170320-3146765,to invoice; invoiced,sale; sale,38.974; 20.63
406-2774640-2364353,144697; 144498; 144497,FBA406-2774640-2364353; FBA406-2774640-2364353; FBA406-2774640-2364353,invoiced; to invoice; invoiced,sale; sale; sale,28.98; 31.448; 28.98
302-9961351-2105939,145107; 144949,FBA302-9961351-2105939; FBA302-9961351-2105939,to invoice; to invoice,sale; sale,42.41; 346.764
302-6657514-3910765,144534; 144112,FBA302-6657514-3910765; FBA302-6657514-3910765,invoiced; invoiced,sale; sale,30.976; 22.93
302-0532564-8893123,143064; 142895,FBA302-0532564-8893123; FBA302-0532564-8893123,invoiced; invoiced,sale; sale,57.366; 28.677
304-5956180-5013160,143330; 143329,FBA304-5956180-5013160; FBA304-5956180-5013160,invoiced; invoiced,sale; sale,33.275; 25.229
302-1743044-4262747,146385; 142800,FBA302-1743044-4262747; FBA302-1743044-4262747,invoiced; invoiced,sale; sale,25.229; 33.275
405-1594604-7322759,142640; 142358,FBA405-1594604-7322759; FBA405-1594604-7322759,invoiced; invoiced,sale; sale,31.944; 33.953
302-5999101-1953167,143051; 142954,FBA302-5999101-1953167; FBA302-5999101-1953167,to invoice; to invoice,sale; sale,30.988; 30.964
302-6794086-6695546,142131; 141970,FBA302-6794086-6695546; FBA302-6794086-6695546,invoiced; invoiced,sale; sale,25.229; 25.229
304-4795551-4104304,143581; 143301,FBA304-4795551-4104304; FBA304-4795551-4104304,to invoice; to invoice,sale; sale,172.062; 544.938
302-7321861-8871552,141986; 141985,FBA302-7321861-8871552; FBA302-7321861-8871552,invoiced; invoiced,sale; sale,33.275; 30.976
028-3518374-2065902,141705; 141471,FBA028-3518374-2065902; FBA028-3518374-2065902,invoiced; invoiced,sale; sale,30.976; 22.93
304-8046249-4611537,141803; 141802,FBA304-8046249-4611537; FBA304-8046249-4611537,to invoice; to invoice,sale; sale,51.679; 51.655
302-8004173-5201148,141808; 141487,FBA302-8004173-5201148; FBA302-8004173-5201148,invoiced; invoiced,sale; sale,28.677; 28.677
303-9779113-2271528,141461; 141419,FBA303-9779113-2271528; FBA303-9779113-2271528,to invoice; invoiced,sale; sale,30.976; 33.275
171-2766156-7130700,142050; 141598,FBA171-2766156-7130700; FBA171-2766156-7130700,to invoice; to invoice,sale; sale,72.419; 96.558
303-5598620-2793929,141422; 141205,FBA303-5598620-2793929; FBA303-5598620-2793929,invoiced; invoiced,sale; sale,28.677; 28.677
302-1027930-2125956,142141; 141989,FBA302-1027930-2125956; FBA302-1027930-2125956,to invoice; to invoice,sale; sale,28.677; 28.677
304-5424861-0609139,140942; 140941,FBA304-5424861-0609139; FBA304-5424861-0609139,to invoice; to invoice,sale; sale,103.334; 51.679
302-8129951-0447518,140630; 140400,FBA302-8129951-0447518; FBA302-8129951-0447518,to invoice; invoiced,sale; sale,26.378; 33.275
402-8120124-9118759,140645; 140408,FBA402-8120124-9118759; FBA402-8120124-9118759,invoiced; invoiced,sale; sale,56.265; 56.265
403-4722617-9551543,141160; 140996,FBA403-4722617-9551543; FBA403-4722617-9551543,to invoice; to invoice,sale; sale,106.735; 33.275
028-8351753-9905936,138403; 138402,FBA028-8351753-9905936; FBA028-8351753-9905936,invoiced; invoiced,sale; sale,19.481; 19.481
306-2389908-6829964,138319; 138318,FBA306-2389908-6829964; FBA306-2389908-6829964,invoiced; invoiced,sale; sale,51.655; 51.679
408-8353241-4756359,138011; 138010,FBA408-8353241-4756359; FBA408-8353241-4756359,invoiced; invoiced,sale; sale,24.079; 24.079
407-0948810-0621903,138872; 137988,FBA407-0948810-0621903; FBA407-0948810-0621903,invoiced; to invoice,sale; sale,23.898; 71.693
402-2315884-3610715,136768; 136628,FBA402-2315884-3610715; FBA402-2315884-3610715,invoiced; invoiced,sale; sale,34.424; 22.93
171-5254816-7801914,135679; 135678,FBA171-5254816-7801914; FBA171-5254816-7801914,to invoice; invoiced,sale; sale,31.4; 28.98
406-4929183-6064355,134967; 134574,FBA406-4929183-6064355; FBA406-4929183-6064355,invoiced; invoiced,sale; sale,27.77; 59.17
306-9059569-4401111,134087; 134086,FBA306-9059569-4401111; FBA306-9059569-4401111,to invoice; to invoice,sale; sale,28.677; 30.976
403-1867223-9584314,133370; 133193,FBA403-1867223-9584314; FBA403-1867223-9584314,invoiced; invoiced,sale; sale,33.275; 33.275
302-4815247-5207549,132819; 132696,FBA302-4815247-5207549; FBA302-4815247-5207549,to invoice; to invoice,sale; sale,28.677; 33.275
305-1884948-7373126,132207; 132206,FBA305-1884948-7373126; FBA305-1884948-7373126,invoiced; invoiced,sale; sale,114.708; 86.056
407-4314161-8064347,132704; 132518,FBA407-4314161-8064347; FBA407-4314161-8064347,to invoice; to invoice,sale; sale,45.86; 57.354
406-4534071-2620345,132475; 132252,FBA406-4534071-2620345; FBA406-4534071-2620345,invoiced; invoiced,sale; sale,86.043; 86.031
028-6432569-5249941,130685; 130577,FBA028-6432569-5249941; FBA028-6432569-5249941,invoiced; invoiced,sale; sale,28.677; 28.677
306-8015384-9161163,130485; 130484,FBA306-8015384-9161163; FBA306-8015384-9161163,invoiced; invoiced,sale; sale,30.976; 28.677
403-9379607-9423536,129392; 129354,FBA403-9379607-9423536; FBA403-9379607-9423536,to invoice; to invoice,sale; sale,38.974; 38.962
302-1107761-2749130,130047; 129576,FBA302-1107761-2749130; FBA302-1107761-2749130,to invoice; to invoice,sale; sale,30.976; 28.677
028-3388441-7026761,129855; 129854,FBA028-3388441-7026761; FBA028-3388441-7026761,to invoice; to invoice,sale; sale,127.413; 212.379
306-6807390-9520350,129594; 129513,FBA306-6807390-9520350; FBA306-6807390-9520350,to invoice; to invoice,sale; sale,22.869; 114.381
304-0507267-5785913,128180; 128179,FBA304-0507267-5785913; FBA304-0507267-5785913,invoiced; invoiced,sale; sale,28.677; 27.528
306-4762737-4445945,128089; 127950,FBA306-4762737-4445945; FBA306-4762737-4445945,to invoice; to invoice,sale; sale,125.828; 45.738
304-2678694-8962726,128191; 127714,FBA304-2678694-8962726; FBA304-2678694-8962726,to invoice; to invoice,sale; sale,28.677; 45.871
305-7352024-0685105,126787; 126786,FBA305-7352024-0685105; FBA305-7352024-0685105,no; no,sale; sale,32.61; 30.19
028-7034663-4382759,125944; 125943,FBA028-7034663-4382759; FBA028-7034663-4382759,to invoice; to invoice,sale; sale,92.989; 76.122
406-6788268-4504364,125693; 125692,FBA406-6788268-4504364; FBA406-6788268-4504364,to invoice; to invoice,sale; sale,241.519; 195.66
403-6962297-6565108,124634; 124633,FBA403-6962297-6565108; FBA403-6962297-6565108,invoiced; no,sale; sale,30.19; 30.19
028-5935505-2577137,124719; 124348,FBA028-5935505-2577137; FBA028-5935505-2577137,invoiced; invoiced,sale; sale,21.72; 30.19
304-4715504-4065105,123352; 123163,FBA304-4715504-4065105; FBA304-4715504-4065105,invoiced; invoiced,sale; sale,30.19; 30.19
407-9459592-9328303,121035; 120954,FBA407-9459592-9328303; FBA407-9459592-9328303,invoiced; invoiced,sale; sale,35.95; 35.95
406-9707601-3345903,120957; 120852,FBA406-9707601-3345903; FBA406-9707601-3345903,to invoice; to invoice,sale; sale,349.5; 174.75
171-4398199-8449957,120088; 120057,FBA171-4398199-8449957; FBA171-4398199-8449957,invoiced; invoiced,sale; sale,27.95; 34.95
304-3155106-5782710,115674; 115292; 115137,FBA304-3155106-5782710; FBA304-3155106-5782710; FBA304-3155106-5782710,invoiced; to invoice; no,sale; sale; sale,12.04; 98.992; 111.386
028-6545835-5620342,114682; 114681,FBA028-6545835-5620342; FBA028-6545835-5620342,to invoice; invoiced,sale; sale,49.9; 28.95
028-7565359-0209102,115240; 114581,FBA028-7565359-0209102; FBA028-7565359-0209102,to invoice; invoiced,sale; sale,10.95; 24.95
171-7280778-4351546,116684; 115229,FBA171-7280778-4351546; FBA171-7280778-4351546,invoiced; to invoice,sale; sale,22.76; 68.28
305-6909830-4310761,113618; 113617,FBA305-6909830-4310761; FBA305-6909830-4310761,invoiced; invoiced,sale; sale,9.95; 9.95
304-5882767-3597907,111678; 111383,FBA304-5882767-3597907; FBA304-5882767-3597907,invoiced; no,sale; sale,24.95; 22.95
306-9345381-5955503,111592; 111245,FBA306-9345381-5955503; FBA306-9345381-5955503,to invoice; to invoice,sale; sale,39.9; 49.9
403-1268429-9026728,111595; 111228,FBA403-1268429-9026728; FBA403-1268429-9026728,invoiced; invoiced,sale; sale,23.95; 23.95
403-7638711-4086702,111069; 111068,FBA403-7638711-4086702; FBA403-7638711-4086702,to invoice; invoiced,sale; sale,23.752; 19.784
408-7212263-2238706,110915; 110852,FBA408-7212263-2238706; FBA408-7212263-2238706,invoiced; invoiced,sale; sale,24.95; 28.95
171-3993131-0629916,110349; 110249,FBA171-3993131-0629916; FBA171-3993131-0629916,to invoice; to invoice,sale; sale,111.079; 166.618
403-7936300-9042746,108842; 108303,FBA403-7936300-9042746; FBA403-7936300-9042746,to invoice; invoiced,sale; sale,25.95; 26.95
303-7247448-7339544,108593; 108364,FBA303-7247448-7339544; FBA303-7247448-7339544,invoiced; invoiced,sale; sale,26.95; 28.95
407-7173824-1223567,110551; 109608,FBA407-7173824-1223567; FBA407-7173824-1223567,to invoice; to invoice,sale; sale,45.52; 37.582
303-8010612-4951537,106303; 106302,FBA303-8010612-4951537; FBA303-8010612-4951537,to invoice; invoiced,sale; sale,18.95; 18.95
402-7467199-1756329,105873; 105562,FBA402-7467199-1756329; FBA402-7467199-1756329,invoiced; invoiced,sale; sale,28.181; 112.724
302-6583764-0537129,104904; 104791,FBA302-6583764-0537129; FBA302-6583764-0537129,no; to invoice,sale; sale,26.95; 24.95
028-9768770-5197157,104637; 104569,FBA028-9768770-5197157; FBA028-9768770-5197157,no; no,sale; sale,26.95; 24.95
171-8170738-6467520,101645; 101644,FBA171-8170738-6467520; FBA171-8170738-6467520,to invoice; to invoice,sale; sale,181.38; 54.414
028-2533251-8708367,101923; 101922,FBA028-2533251-8708367; FBA028-2533251-8708367,to invoice; to invoice,sale; sale,131.7; 37.9
304-1788777-4088333,101983; 101956,FBA304-1788777-4088333; FBA304-1788777-4088333,to invoice; invoiced,sale; sale,23.95; 24.95
306-1227489-2013114,102697; 102656,FBA306-1227489-2013114; FBA306-1227489-2013114,to invoice; invoiced,sale; sale,27.782; 20.28
404-6534272-6997106,102828; 102777,FBA404-6534272-6997106; FBA404-6534272-6997106,to invoice; invoiced,sale; sale,32.61; 35.03
408-3437160-1732313,103032; 102936,FBA408-3437160-1732313; FBA408-3437160-1732313,to invoice; invoiced,sale; sale,24.745; 31.811
306-5864004-8498739,103593; 102442,FBA306-5864004-8498739; FBA306-5864004-8498739,to invoice; invoiced,sale; sale,24.95; 26.95
406-6475398-8223540,103694; 102491,FBA406-6475398-8223540; FBA406-6475398-8223540,invoiced; invoiced,sale; sale,49.9; 25.95
302-0616236-2857123,103816; 103815,FBA302-0616236-2857123; FBA302-0616236-2857123,to invoice; invoiced,sale; sale,25.95; 24.95
306-6251895-5125144,95783; 103919,FBA306-6251895-5125144; FBA306-6251895-5125144,no; invoiced,sale; sale,0; 49.9
408-5166912-5375555,95781; 103934,FBA408-5166912-5375555; FBA408-5166912-5375555,no; invoiced,sale; sale,0; 23.95
408-2008832-1801166,103955; 103954,FBA408-2008832-1801166; FBA408-2008832-1801166,to invoice; invoiced,sale; sale,35.95; 71.9
171-1473652-6625938,95730; 103956,FBA171-1473652-6625938; FBA171-1473652-6625938,no; invoiced,sale; sale,0; 35.95
171-1756420-2893130,95729; 103875,FBA171-1756420-2893130; FBA171-1756420-2893130,no; invoiced,sale; sale,0; 49.95
306-2932005-7916326,95720; 103965,FBA306-2932005-7916326; FBA306-2932005-7916326,no; invoiced,sale; sale,0; 24.95
306-4791973-6567509,95715; 103950,FBA306-4791973-6567509; FBA306-4791973-6567509,no; invoiced,sale; sale,0; 33.95
306-1868782-8385161,95711; 103952,FBA306-1868782-8385161; FBA306-1868782-8385161,no; invoiced,sale; sale,0; 24.95
408-6034877-7316339,95707; 103970,FBA408-6034877-7316339; FBA408-6034877-7316339,no; invoiced,sale; sale,0; 26.729
303-5212838-6797149,95703; 103978,FBA303-5212838-6797149; FBA303-5212838-6797149,to invoice; invoiced,sale; sale,0; 24.95
305-6213205-1272301,95700; 103892,FBA305-6213205-1272301; FBA305-6213205-1272301,no; invoiced,sale; sale,0; 29.94
306-4923203-3943548,95697; 103974,FBA306-4923203-3943548; FBA306-4923203-3943548,no; invoiced,sale; sale,0; 28.98
402-3253703-9385155,95694; 103963,FBA402-3253703-9385155; FBA402-3253703-9385155,no; invoiced,sale; sale,0; 23.95
402-6430535-7106738,95693; 103977,FBA402-6430535-7106738; FBA402-6430535-7106738,invoiced; to invoice,sale; sale,0; 29.185
305-2093526-0841911,95686; 103968,FBA305-2093526-0841911; FBA305-2093526-0841911,no; invoiced,sale; sale,0; 24.95
302-3210137-4459556,95681; 103966,FBA302-3210137-4459556; FBA302-3210137-4459556,no; invoiced,sale; sale,0; 28.94
406-3382502-2208349,95680; 103971,FBA406-3382502-2208349; FBA406-3382502-2208349,no; invoiced,sale; sale,0; 59.9
407-5985252-3853960,95674; 103976,FBA407-5985252-3853960; FBA407-5985252-3853960,no; invoiced,sale; sale,0; 24.95
405-6341502-1882739,95673; 103959,FBA405-6341502-1882739; FBA405-6341502-1882739,no; invoiced,sale; sale,0; 29.95
405-5252115-5072329,95669; 103969,FBA405-5252115-5072329; FBA405-5252115-5072329,no; invoiced,sale; sale,0; 24.95
407-5214577-5023553,95590; 103946,FBA407-5214577-5023553; FBA407-5214577-5023553,no; invoiced,sale; sale,0; 26.95
403-8803422-6925901,95793; 103936,FBA403-8803422-6925901; FBA403-8803422-6925901,no; invoiced,sale; sale,42.277; 29.95
406-1608093-5963556,95584; 103925,FBA406-1608093-5963556; FBA406-1608093-5963556,no; invoiced,sale; sale,0; 26.729
402-9880570-1885966,95507; 103989,FBA402-9880570-1885966; FBA402-9880570-1885966,no; invoiced,sale; sale,0; 23.95
305-3882509-3560307,95506; 103973,FBA305-3882509-3560307; FBA305-3882509-3560307,to invoice; invoiced,sale; sale,0; 28.94
302-9839621-5547534,95499; 103991,FBA302-9839621-5547534; FBA302-9839621-5547534,no; invoiced,sale; sale,0; 24.95
404-9368258-9082757,95497; 103983,FBA404-9368258-9082757; FBA404-9368258-9082757,no; invoiced,sale; sale,0; 32.95
405-1070694-5642764,95511; 103993,FBA405-1070694-5642764; FBA405-1070694-5642764,no; invoiced,sale; sale,50.747; 35.95
028-9614359-0153145,95450; 104009,FBA028-9614359-0153145; FBA028-9614359-0153145,no; invoiced,sale; sale,0; 25.95
405-2778968-2909151,95445; 104001,FBA405-2778968-2909151; FBA405-2778968-2909151,no; invoiced,sale; sale,0; 21.95
404-7096741-8769966,95443; 104021,FBA404-7096741-8769966; FBA404-7096741-8769966,no; invoiced,sale; sale,0; 23.95
302-3270182-0370745,95441; 104011,FBA302-3270182-0370745; FBA302-3270182-0370745,to invoice; invoiced,sale; sale,0; 25.95
404-6382887-2920329,95438; 103995,FBA404-6382887-2920329; FBA404-6382887-2920329,no; invoiced,sale; sale,0; 27.95
303-3140706-8085167,95428; 103998,FBA303-3140706-8085167; FBA303-3140706-8085167,no; invoiced,sale; sale,0; 25.95
304-5473602-7629168,95425; 104028,FBA304-5473602-7629168; FBA304-5473602-7629168,no; invoiced,sale; sale,0; 28.95
404-1826703-8971522,95446; 103981,FBA404-1826703-8971522; FBA404-1826703-8971522,no; invoiced,sale; sale,0; 24.95
403-0748862-7743541,95420; 103992,FBA403-0748862-7743541; FBA403-0748862-7743541,no; invoiced,sale; sale,0; 26.729
407-3118774-0914731,95421; 104030,FBA407-3118774-0914731; FBA407-3118774-0914731,no; invoiced,sale; sale,0; 45.95
305-8056995-6014755,95415; 104023,FBA305-8056995-6014755; FBA305-8056995-6014755,no; invoiced,sale; sale,0; 33.95
028-1351967-0777964,95429; 104031,FBA028-1351967-0777964; FBA028-1351967-0777964,no; invoiced,sale; sale,36.409; 25.95
305-5928712-4265907,95574; 103975,FBA305-5928712-4265907; FBA305-5928712-4265907,no; invoiced,sale; sale,35.005; 24.95
405-3277718-8671568,95362; 104003,FBA405-3277718-8671568; FBA405-3277718-8671568,no; invoiced,sale; sale,0; 45.95
305-1901991-4551566,95361; 104017,FBA305-1901991-4551566; FBA305-1901991-4551566,no; invoiced,sale; sale,0; 25.95
305-0307006-4105917,95359; 104029,FBA305-0307006-4105917; FBA305-0307006-4105917,no; invoiced,sale; sale,0; 24.95
305-0877912-0889137,95358; 104027,FBA305-0877912-0889137; FBA305-0877912-0889137,no; invoiced,sale; sale,0; 24.95
028-2078547-9952308,95357; 104018,FBA028-2078547-9952308; FBA028-2078547-9952308,no; invoiced,sale; sale,0; 33.95
402-7994678-4877107,95356; 104013,FBA402-7994678-4877107; FBA402-7994678-4877107,no; invoiced,sale; sale,0; 23.95
302-0364617-7197150,95351; 104010,FBA302-0364617-7197150; FBA302-0364617-7197150,no; invoiced,sale; sale,0; 25.95
306-3741033-7616322,95327; 104022,FBA306-3741033-7616322; FBA306-3741033-7616322,no; invoiced,sale; sale,0; 25.95
303-7063234-9105938,95326; 104054,FBA303-7063234-9105938; FBA303-7063234-9105938,no; invoiced,sale; sale,0; 25.95
405-0102863-6605915,95322; 103999,FBA405-0102863-6605915; FBA405-0102863-6605915,no; invoiced,sale; sale,0; 39.9
306-2224994-6458708,95317; 104033,FBA306-2224994-6458708; FBA306-2224994-6458708,no; invoiced,sale; sale,0; 24.95
303-1175004-5937102,95316; 104047,FBA303-1175004-5937102; FBA303-1175004-5937102,no; invoiced,sale; sale,0; 25.95
302-3295571-1490720,95313; 104042,FBA302-3295571-1490720; FBA302-3295571-1490720,no; invoiced,sale; sale,0; 25.95
408-3316072-8057167,95312; 104041,FBA408-3316072-8057167; FBA408-3316072-8057167,no; invoiced,sale; sale,0; 49.95
304-6009009-5233935,95311; 104015,FBA304-6009009-5233935; FBA304-6009009-5233935,no; invoiced,sale; sale,0; 24.95
303-1934630-7305140,95330; 104032,FBA303-1934630-7305140; FBA303-1934630-7305140,to invoice; invoiced,sale; sale,105.428; 24.95
303-2546512-6797147,95324; 104052,FBA303-2546512-6797147; FBA303-2546512-6797147,no; invoiced,sale; sale,95.275; 67.9
303-2801235-8225900,95303; 104057,FBA303-2801235-8225900; FBA303-2801235-8225900,no; invoiced,sale; sale,0; 25.95
407-5894241-4904337,95301; 103933,FBA407-5894241-4904337; FBA407-5894241-4904337,no; invoiced,sale; sale,0; 29.95
402-6020381-7843554,95243; 104008; 104007,FBA402-6020381-7843554; FBA402-6020381-7843554; FBA402-6020381-7843554,no; to invoice; invoiced,sale; sale; sale,0; 18.95; 36.9
408-2354043-2330753,95240; 104068,FBA408-2354043-2330753; FBA408-2354043-2330753,no; invoiced,sale; sale,0; 28.95
304-3365865-6260325,95239; 103987,FBA304-3365865-6260325; FBA304-3365865-6260325,no; invoiced,sale; sale,0; 33.95
404-0346978-3396351,95237; 104046,FBA404-0346978-3396351; FBA404-0346978-3396351,no; invoiced,sale; sale,0; 33.674
028-3443533-5173133,95230; 104071,FBA028-3443533-5173133; FBA028-3443533-5173133,no; invoiced,sale; sale,0; 25.95
406-9879914-0385935,95229; 104065,FBA406-9879914-0385935; FBA406-9879914-0385935,no; invoiced,sale; sale,0; 23.95
171-2150409-2441924,95228; 104058,FBA171-2150409-2441924; FBA171-2150409-2441924,no; invoiced,sale; sale,0; 19.95
407-2337354-3126737,95226; 104072,FBA407-2337354-3126737; FBA407-2337354-3126737,no; invoiced,sale; sale,0; 24.95
402-5490770-3597925,95223; 104056,FBA402-5490770-3597925; FBA402-5490770-3597925,no; invoiced,sale; sale,0; 45.95
171-6766580-8650709,95221; 104077,FBA171-6766580-8650709; FBA171-6766580-8650709,no; invoiced,sale; sale,0; 35.95
405-8061278-4277933,95217; 104048,FBA405-8061278-4277933; FBA405-8061278-4277933,no; invoiced,sale; sale,0; 35.95
403-6217144-0125919,95214; 104045,FBA403-6217144-0125919; FBA403-6217144-0125919,no; invoiced,sale; sale,0; 32.95
302-6510871-4422722,95213; 104075,FBA302-6510871-4422722; FBA302-6510871-4422722,no; invoiced,sale; sale,0; 86.939
403-5551798-5430748,95212; 104024,FBA403-5551798-5430748; FBA403-5551798-5430748,no; invoiced,sale; sale,0; 24.95
302-5998587-8998750,95211; 104073,FBA302-5998587-8998750; FBA302-5998587-8998750,no; invoiced,sale; sale,0; 25.95
304-9246661-4085104,95206; 104076,FBA304-9246661-4085104; FBA304-9246661-4085104,no; invoiced,sale; sale,0; 28.95
404-4656372-5377948,95205; 104055,FBA404-4656372-5377948; FBA404-4656372-5377948,no; invoiced,sale; sale,0; 45.95
306-9223255-3943526,95203; 104063,FBA306-9223255-3943526; FBA306-9223255-3943526,no; invoiced,sale; sale,0; 25.95
405-9688425-7212369,95108; 104049,FBA405-9688425-7212369; FBA405-9688425-7212369,to invoice; invoiced,sale; sale,0; 45.95
405-0741627-5693122,95107; 104093,FBA405-0741627-5693122; FBA405-0741627-5693122,no; invoiced,sale; sale,0; 33.95
305-0002972-2291517,95106; 104095,FBA305-0002972-2291517; FBA305-0002972-2291517,no; invoiced,sale; sale,0; 25.95
303-6774177-8976305,95096; 104051,FBA303-6774177-8976305; FBA303-6774177-8976305,no; invoiced,sale; sale,0; 24.95
405-2457281-7701912,95090; 104082,FBA405-2457281-7701912; FBA405-2457281-7701912,no; invoiced,sale; sale,0; 35.95
402-9109557-5171534,95027; 104102,FBA402-9109557-5171534; FBA402-9109557-5171534,no; invoiced,sale; sale,0; 25.95
402-5348365-4308348,95026; 104104,FBA402-5348365-4308348; FBA402-5348365-4308348,no; invoiced,sale; sale,0; 44.97
305-9026979-8889138,95025; 104074,FBA305-9026979-8889138; FBA305-9026979-8889138,no; invoiced,sale; sale,0; 25.95
302-2508831-0683557,95021; 104085,FBA302-2508831-0683557; FBA302-2508831-0683557,no; invoiced,sale; sale,0; 33.95
306-8597890-8276307,95016; 104098,FBA306-8597890-8276307; FBA306-8597890-8276307,no; invoiced,sale; sale,0; 24.95
408-6606451-6629902,95014; 104061,FBA408-6606451-6629902; FBA408-6606451-6629902,no; to invoice,sale; sale,0; 49.12
402-9668268-5501909,95008; 104070,FBA402-9668268-5501909; FBA402-9668268-5501909,no; invoiced,sale; sale,0; 29.95
404-2329807-8011547,95006; 104043,FBA404-2329807-8011547; FBA404-2329807-8011547,no; to invoice,sale; sale,0; 206.55
304-7624946-2337131,94973; 104115,FBA304-7624946-2337131; FBA304-7624946-2337131,no; invoiced,sale; sale,0; 25.95
171-5385876-8697966,94965; 104086,FBA171-5385876-8697966; FBA171-5385876-8697966,no; invoiced,sale; sale,0; 35.95
405-6712362-7457967,94964; 104113,FBA405-6712362-7457967; FBA405-6712362-7457967,no; invoiced,sale; sale,0; 35.95
404-2593933-6847542,94963; 104105,FBA404-2593933-6847542; FBA404-2593933-6847542,no; invoiced,sale; sale,0; 30.21
406-3007297-3352360,94961; 104109,FBA406-3007297-3352360; FBA406-3007297-3352360,no; invoiced,sale; sale,0; 35.95
171-5825999-0448315,94972; 104088,FBA171-5825999-0448315; FBA171-5825999-0448315,no; invoiced,sale; sale,0; 33.95
405-3205137-4401152,94943; 104096,FBA405-3205137-4401152; FBA405-3205137-4401152,no; invoiced,sale; sale,0; 26.95
028-1581475-4635522,94939; 104118,FBA028-1581475-4635522; FBA028-1581475-4635522,no; invoiced,sale; sale,0; 24.95
407-4398969-6367509,94936; 102337,FBA407-4398969-6367509; FBA407-4398969-6367509,to invoice; invoiced,sale; sale,0; 18.95
306-3349639-1589141,94932; 104119,FBA306-3349639-1589141; FBA306-3349639-1589141,no; invoiced,sale; sale,0; 25.95
405-2745940-9121907,94931; 104100,FBA405-2745940-9121907; FBA405-2745940-9121907,no; invoiced,sale; sale,0; 49.95
304-1738688-3252331,94930; 104123,FBA304-1738688-3252331; FBA304-1738688-3252331,no; invoiced,sale; sale,36.409; 25.95
408-5275202-7553928,94918; 104099,FBA408-5275202-7553928; FBA408-5275202-7553928,no; invoiced,sale; sale,0; 45.9
028-7950264-3213900,94916; 104106,FBA028-7950264-3213900; FBA028-7950264-3213900,no; invoiced,sale; sale,0; 25.95
406-4549635-6904322,94914; 103937,FBA406-4549635-6904322; FBA406-4549635-6904322,no; invoiced,sale; sale,0; 45.95
306-5600918-5584360,94854; 104112,FBA306-5600918-5584360; FBA306-5600918-5584360,no; invoiced,sale; sale,0; 25.95
403-7008946-0736339,94849; 104126,FBA403-7008946-0736339; FBA403-7008946-0736339,no; invoiced,sale; sale,0; 35.95
302-0713365-3507539,94847; 104121,FBA302-0713365-3507539; FBA302-0713365-3507539,no; invoiced,sale; sale,0; 25.95
407-7305396-7476351,94835; 104090,FBA407-7305396-7476351; FBA407-7305396-7476351,no; invoiced,sale; sale,0; 33.95
171-2971917-9582718,94832; 104069,FBA171-2971917-9582718; FBA171-2971917-9582718,no; invoiced,sale; sale,0; 27.95
408-3680382-4985932,94826; 104128,FBA408-3680382-4985932; FBA408-3680382-4985932,no; invoiced,sale; sale,0; 23.95
171-0258246-6559553,94823; 104079,FBA171-0258246-6559553; FBA171-0258246-6559553,no; invoiced,sale; sale,0; 67.9
404-5462080-8093938,94819; 104129,FBA404-5462080-8093938; FBA404-5462080-8093938,no; invoiced,sale; sale,0; 33.95
305-5669657-8920369,94817; 104122,FBA305-5669657-8920369; FBA305-5669657-8920369,no; invoiced,sale; sale,0; 33.95
304-3718425-3317957,94786; 104135,FBA304-3718425-3317957; FBA304-3718425-3317957,no; invoiced,sale; sale,0; 24.95
404-2390687-6654752,94785; 104078,FBA404-2390687-6654752; FBA404-2390687-6654752,no; invoiced,sale; sale,0; 24.95
305-7624509-5311506,94784; 104026,FBA305-7624509-5311506; FBA305-7624509-5311506,no; invoiced,sale; sale,0; 14.99
305-1359356-2018766,94781; 104116,FBA305-1359356-2018766; FBA305-1359356-2018766,no; invoiced,sale; sale,0; 29.95
302-3692517-9445926,94779; 104140,FBA302-3692517-9445926; FBA302-3692517-9445926,no; invoiced,sale; sale,0; 25.95
171-5818901-8065955,94772; 104006,FBA171-5818901-8065955; FBA171-5818901-8065955,no; invoiced,sale; sale,0; 21.95
171-3258548-7371566,94771; 104004,FBA171-3258548-7371566; FBA171-3258548-7371566,no; invoiced,sale; sale,0; 22.95
303-2960497-6125157,94766; 104134,FBA303-2960497-6125157; FBA303-2960497-6125157,no; invoiced,sale; sale,0; 25.95
404-5480463-4359547,94765; 104087,FBA404-5480463-4359547; FBA404-5480463-4359547,no; invoiced,sale; sale,0; 35.95
028-1599278-0653934,94762; 104000,FBA028-1599278-0653934; FBA028-1599278-0653934,no; invoiced,sale; sale,0; 33.94
028-7710616-9387531,94761; 104107,FBA028-7710616-9387531; FBA028-7710616-9387531,no; invoiced,sale; sale,0; 24.95
404-5859723-0476363,94757; 104137,FBA404-5859723-0476363; FBA404-5859723-0476363,no; invoiced,sale; sale,0; 28.95
408-1769071-4117132,94756; 104136,FBA408-1769071-4117132; FBA408-1769071-4117132,no; invoiced,sale; sale,0; 35.03
171-9755857-2632310,94754; 104131,FBA171-9755857-2632310; FBA171-9755857-2632310,no; invoiced,sale; sale,0; 24.95
303-0315327-5901947,94751; 104120,FBA303-0315327-5901947; FBA303-0315327-5901947,no; invoiced,sale; sale,0; 24.95
405-2205488-6415511,94750; 104110,FBA405-2205488-6415511; FBA405-2205488-6415511,no; invoiced,sale; sale,0; 26.95
306-8833006-1831517,94748; 104139,FBA306-8833006-1831517; FBA306-8833006-1831517,to invoice; invoiced,sale; sale,0; 24.95
305-3697272-4854744,94742; 104132,FBA305-3697272-4854744; FBA305-3697272-4854744,no; to invoice,sale; sale,0; 50.9
306-6678218-0849130,94683; 104108,FBA306-6678218-0849130; FBA306-6678218-0849130,no; invoiced,sale; sale,0; 59.9
305-2004819-7564329,94679; 104138,FBA305-2004819-7564329; FBA305-2004819-7564329,no; invoiced,sale; sale,0; 28.95
303-2828256-0555526,94636; 104150,FBA303-2828256-0555526; FBA303-2828256-0555526,no; invoiced,sale; sale,0; 29.94
304-3970097-9410743,94633; 104152,FBA304-3970097-9410743; FBA304-3970097-9410743,no; invoiced,sale; sale,0; 51.9
405-0536742-1962766,94632; 104111,FBA405-0536742-1962766; FBA405-0536742-1962766,no; invoiced,sale; sale,0; 23.95
305-9705841-1670757,94626; 104162,FBA305-9705841-1670757; FBA305-9705841-1670757,no; invoiced,sale; sale,0; 24.95
028-2233900-5573157,94619; 104159,FBA028-2233900-5573157; FBA028-2233900-5573157,no; invoiced,sale; sale,0; 25.95
306-4314219-7736343,94614; 104163,FBA306-4314219-7736343; FBA306-4314219-7736343,no; invoiced,sale; sale,0; 24.95
403-9224967-4769128,94611; 104158,FBA403-9224967-4769128; FBA403-9224967-4769128,no; invoiced,sale; sale,0; 24.95
406-8338572-5847514,94604; 104144,FBA406-8338572-5847514; FBA406-8338572-5847514,no; invoiced,sale; sale,0; 24.95
404-6512954-1948310,94605; 104155,FBA404-6512954-1948310; FBA404-6512954-1948310,no; invoiced,sale; sale,0; 24.95
404-6891155-1165154,94603; 104101,FBA404-6891155-1165154; FBA404-6891155-1165154,no; invoiced,sale; sale,0; 17.95
402-9855124-7325927,94602; 104157,FBA402-9855124-7325927; FBA402-9855124-7325927,no; invoiced,sale; sale,0; 23.95
028-4755315-6869104,94598; 104160,FBA028-4755315-6869104; FBA028-4755315-6869104,to invoice; invoiced,sale; sale,0; 30.19
171-7955490-6097161,94630; 104133,FBA171-7955490-6097161; FBA171-7955490-6097161,no; invoiced,sale; sale,0; 28.95
408-8482482-5198737,94595; 104044,FBA408-8482482-5198737; FBA408-8482482-5198737,no; invoiced,sale; sale,0; 29.95
302-4583415-1892320,94591; 104142,FBA302-4583415-1892320; FBA302-4583415-1892320,no; invoiced,sale; sale,0; 23.95
303-0043746-4939525,94535; 104143,FBA303-0043746-4939525; FBA303-0043746-4939525,no; invoiced,sale; sale,0; 18.138
408-1572985-4693924,104149; 94532,FBA408-1572985-4693924; FBA408-1572985-4693924,to invoice; no,sale; sale,24.34; 0
171-5758839-5762724,94527; 104169,FBA171-5758839-5762724; FBA171-5758839-5762724,no; invoiced,sale; sale,0; 35.95
306-1863091-8078748,94525; 104141,FBA306-1863091-8078748; FBA306-1863091-8078748,to invoice; invoiced,sale; sale,0; 27.94
028-6015573-4081163,94522; 104103,FBA028-6015573-4081163; FBA028-6015573-4081163,no; to invoice,sale; sale,0; 20.97
305-5131728-8669904,94517; 104176,FBA305-5131728-8669904; FBA305-5131728-8669904,no; invoiced,sale; sale,0; 24.95
406-9693657-4677906,94493; 104213,FBA406-9693657-4677906; FBA406-9693657-4677906,no; invoiced,sale; sale,0; 27.95
304-1387844-9585167,94486; 104215,FBA304-1387844-9585167; FBA304-1387844-9585167,no; invoiced,sale; sale,0; 25.95
306-9710118-5002757,94483; 104217,FBA306-9710118-5002757; FBA306-9710118-5002757,to invoice; invoiced,sale; sale,0; 25.95
402-2300082-0133126,94482; 104175,FBA402-2300082-0133126; FBA402-2300082-0133126,no; invoiced,sale; sale,0; 30.21
406-6687375-7578748,94474; 104167,FBA406-6687375-7578748; FBA406-6687375-7578748,invoiced; to invoice,sale; sale,0; 40.063
306-0226120-5853151,94472; 104161,FBA306-0226120-5853151; FBA306-0226120-5853151,no; invoiced,sale; sale,0; 14.99
405-6464759-3499569,94471; 104177,FBA405-6464759-3499569; FBA405-6464759-3499569,no; invoiced,sale; sale,0; 23.95
406-6818193-5917909,94428; 104226,FBA406-6818193-5917909; FBA406-6818193-5917909,no; invoiced,sale; sale,0; 47.9
305-4789007-8652326,94423; 104179,FBA305-4789007-8652326; FBA305-4789007-8652326,no; invoiced,sale; sale,0; 28.98
408-8808304-5486709,94421; 104227,FBA408-8808304-5486709; FBA408-8808304-5486709,no; invoiced,sale; sale,0; 33.95
303-7828668-0550709,94416; 104214,FBA303-7828668-0550709; FBA303-7828668-0550709,no; invoiced,sale; sale,0; 24.95
406-3025211-4737944,94414; 104173,FBA406-3025211-4737944; FBA406-3025211-4737944,no; to invoice,sale; sale,0; 53.9
402-8705425-8763556,94409; 104236,FBA402-8705425-8763556; FBA402-8705425-8763556,no; invoiced,sale; sale,0; 29.95
402-1387212-9645142,94408; 104225,FBA402-1387212-9645142; FBA402-1387212-9645142,no; invoiced,sale; sale,0; 23.95
305-8720192-8836325,94402; 104222,FBA305-8720192-8836325; FBA305-8720192-8836325,no; invoiced,sale; sale,0; 28.95
304-3408651-8475528,94396; 104178,FBA304-3408651-8475528; FBA304-3408651-8475528,invoiced; to invoice,sale; sale,0; 29.185
303-7691336-4474705,94393; 104224,FBA303-7691336-4474705; FBA303-7691336-4474705,no; invoiced,sale; sale,0; 24.357
303-2697127-5905945,94390; 104223,FBA303-2697127-5905945; FBA303-2697127-5905945,no; invoiced,sale; sale,0; 23.95
406-0280616-5945958,94316; 104241,FBA406-0280616-5945958; FBA406-0280616-5945958,no; invoiced,sale; sale,0; 21.95
402-6228835-7156336,94311; 104247,FBA402-6228835-7156336; FBA402-6228835-7156336,no; invoiced,sale; sale,0; 31.95
028-8579630-4550764,94307; 104171,FBA028-8579630-4550764; FBA028-8579630-4550764,no; invoiced,sale; sale,0; 25.95
171-0174856-8212341,94257; 104216,FBA171-0174856-8212341; FBA171-0174856-8212341,no; invoiced,sale; sale,0; 35.95
405-2498914-8969158,94247; 104249,FBA405-2498914-8969158; FBA405-2498914-8969158,no; invoiced,sale; sale,0; 24.95
304-9293679-8612329,94243; 104244,FBA304-9293679-8612329; FBA304-9293679-8612329,no; invoiced,sale; sale,0; 25.95
403-1117381-2558732,94226; 104251,FBA403-1117381-2558732; FBA403-1117381-2558732,no; invoiced,sale; sale,0; 50.47
405-1182845-0970726,94221; 104250,FBA405-1182845-0970726; FBA405-1182845-0970726,no; invoiced,sale; sale,0; 17.799
407-3519559-5665126,94208; 104050,FBA407-3519559-5665126; FBA407-3519559-5665126,no; invoiced,sale; sale,0; 33.94
304-5776068-2365935,94200; 104261,FBA304-5776068-2365935; FBA304-5776068-2365935,no; invoiced,sale; sale,0; 24.95
302-2405463-4161125,94196; 104263,FBA302-2405463-4161125; FBA302-2405463-4161125,no; invoiced,sale; sale,0; 60.379
305-3667416-6286768,94188; 104274,FBA305-3667416-6286768; FBA305-3667416-6286768,no; invoiced,sale; sale,0; 24.95
406-9722835-5069913,94182; 104238,FBA406-9722835-5069913; FBA406-9722835-5069913,no; invoiced,sale; sale,0; 27.95
405-8375719-1428347,94212; 104265,FBA405-8375719-1428347; FBA405-8375719-1428347,no; invoiced,sale; sale,26.729; 26.729
306-2723017-4210740,94178; 104218,FBA306-2723017-4210740; FBA306-2723017-4210740,no; invoiced,sale; sale,0; 53.9
303-1990621-2256305,94156; 104117,FBA303-1990621-2256305; FBA303-1990621-2256305,no; invoiced,sale; sale,0; 29.94
305-5234802-3313906,94152; 104212,FBA305-5234802-3313906; FBA305-5234802-3313906,no; invoiced,sale; sale,0; 25.95
405-2306102-9088333,94141; 104272,FBA405-2306102-9088333; FBA405-2306102-9088333,no; invoiced,sale; sale,0; 23.95
404-1194710-0004331,94104; 104264,FBA404-1194710-0004331; FBA404-1194710-0004331,no; invoiced,sale; sale,0; 23.95
304-6467414-9499505,94091; 104259,FBA304-6467414-9499505; FBA304-6467414-9499505,no; invoiced,sale; sale,0; 24.95
304-1686415-2748336,93995; 104253,FBA304-1686415-2748336; FBA304-1686415-2748336,no; invoiced,sale; sale,0; 28.94
403-8032180-7129960,94030; 104097,FBA403-8032180-7129960; FBA403-8032180-7129960,no; invoiced,sale; sale,0; 26.95
404-1193986-5990739,93827; 104252,FBA404-1193986-5990739; FBA404-1193986-5990739,no; invoiced,sale; sale,0; 35.95
304-2024554-1759526,93689; 104273,FBA304-2024554-1759526; FBA304-2024554-1759526,no; invoiced,sale; sale,0; 25.95
171-8343059-1462741,93688; 104267,FBA171-8343059-1462741; FBA171-8343059-1462741,no; invoiced,sale; sale,0; 35.95
406-1591629-1113929,93498; 104271,FBA406-1591629-1113929; FBA406-1591629-1113929,no; invoiced,sale; sale,0; 69.9
403-2732315-9551524,93452; 104147,FBA403-2732315-9551524; FBA403-2732315-9551524,no; to invoice,sale; sale,0; 108.72
403-2621559-5253143,93444; 104266,FBA403-2621559-5253143; FBA403-2621559-5253143,no; invoiced,sale; sale,0; 35.95
405-4361035-6780360,93414; 104060,FBA405-4361035-6780360; FBA405-4361035-6780360,no; invoiced,sale; sale,0; 29.95
404-1453717-7463508,93041; 102356,FBA404-1453717-7463508; FBA404-1453717-7463508,no; to invoice,sale; sale,0; 71.9
408-4612761-8905119,92872; 104229,FBA408-4612761-8905119; FBA408-4612761-8905119,no; invoiced,sale; sale,0; 55.6
407-7194443-7898732,92412; 104005,FBA407-7194443-7898732; FBA407-7194443-7898732,no; invoiced,sale; sale,0; 36.893
305-2515977-4840365,90211; 89926,FBA305-2515977-4840365; FBA305-2515977-4840365,to invoice; to invoice,sale; sale,48.9; 62.85
303-5554747-5538701,90350; 90212,FBA303-5554747-5538701; FBA303-5554747-5538701,to invoice; invoiced,sale; sale,25.95; 23.95
406-3788725-6686734,89690; 89689,FBA406-3788725-6686734; FBA406-3788725-6686734,to invoice; invoiced,sale; sale,23.95; 24.95
404-9392622-8770703,89544; 89309,FBA404-9392622-8770703; FBA404-9392622-8770703,to invoice; to invoice,sale; sale,39.58; 41.24
304-4615876-4785169,89546; 89545,FBA304-4615876-4785169; FBA304-4615876-4785169,to invoice; to invoice,sale; sale,69.043; 739.432
402-9891381-8261903,89470; 88974,FBA402-9891381-8261903; FBA402-9891381-8261903,to invoice; invoiced,sale; sale,26.95; 24.95
407-0631019-0025130,88247; 88246,FBA407-0631019-0025130; FBA407-0631019-0025130,to invoice; to invoice,sale; sale,70.47; 35.235
302-0347860-5367530,88238; 88163,FBA302-0347860-5367530; FBA302-0347860-5367530,to invoice; to invoice,sale; sale,14.99; 39.94
028-1489993-8361166,87880; 87683,FBA028-1489993-8361166; FBA028-1489993-8361166,to invoice; invoiced,sale; sale,24.95; 24.95
305-1832129-2833959,87682; 87570,FBA305-1832129-2833959; FBA305-1832129-2833959,to invoice; invoiced,sale; sale,23.95; 18.95
304-5458375-5573105,87565; 87564,FBA304-5458375-5573105; FBA304-5458375-5573105,to invoice; invoiced,sale; sale,24.95; 25.99
402-7255193-6791554,87554; 87242,FBA402-7255193-6791554; FBA402-7255193-6791554,to invoice; invoiced,sale; sale,23.95; 24.94
306-0685657-7093167,87099; 87098,FBA306-0685657-7093167; FBA306-0685657-7093167,to invoice; invoiced,sale; sale,77.97; 47.9
171-7513890-3002741,86423; 86422,FBA171-7513890-3002741; FBA171-7513890-3002741,to invoice; invoiced,sale; sale,45.95; 45.95
305-8563639-4001133,85754; 85107,FBA305-8563639-4001133; FBA305-8563639-4001133,to invoice; invoiced,sale; sale,24.95; 14.99
305-7570023-5675521,85466; 85302,FBA305-7570023-5675521; FBA305-7570023-5675521,to invoice; invoiced,sale; sale,24.95; 24.95
406-6789241-1740315,85286; 85285,FBA406-6789241-1740315; FBA406-6789241-1740315,to invoice; invoiced,sale; sale,47.9; 39.9
405-5026340-0515510,84384; 84191,FBA405-5026340-0515510; FBA405-5026340-0515510,to invoice; to invoice,sale; sale,207.6; 155.7
306-5519311-7460329,85269; 84978,FBA306-5519311-7460329; FBA306-5519311-7460329,to invoice; invoiced,sale; sale,24.95; 25.99
303-2798106-9089168,85450; 83429,FBA303-2798106-9089168; FBA303-2798106-9089168,to invoice; invoiced,sale; sale,28.98; 15.246
407-7977232-3148356,82247; 82081,FBA407-7977232-3148356; FBA407-7977232-3148356,to invoice; invoiced,sale; sale,23.95; 23.95
302-9960876-2050724,81623; 81187,FBA302-9960876-2050724; FBA302-9960876-2050724,to invoice; invoiced,sale; sale,23.95; 46.9
304-9771985-3469118,80773; 80669,FBA304-9771985-3469118; FBA304-9771985-3469118,to invoice; to invoice,sale; sale,23.95; 23.95
304-4390750-8950756,78734; 78657,FBA304-4390750-8950756; FBA304-4390750-8950756,to invoice; to invoice,sale; sale,18.138; 45.738
302-9979426-9146711,76428; 76112,FBA302-9979426-9146711; FBA302-9979426-9146711,no; no,sale; sale,24.95; 24.95
408-4418486-6435551,75849; 75298,FBA408-4418486-6435551; FBA408-4418486-6435551,invoiced; invoiced,sale; sale,18.95; 18.95
171-2770469-6346716,75729; 75131,FBA171-2770469-6346716; FBA171-2770469-6346716,to invoice; to invoice,sale; sale,55.539; 222.156
306-5819443-5931568,76223; 74907,FBA306-5819443-5931568; FBA306-5819443-5931568,to invoice; invoiced,sale; sale,9.95; 9.95
407-7475444-9284345,76826; 73088,FBA407-7475444-9284345; FBA407-7475444-9284345,to invoice; invoiced,sale; sale,24.95; 22.95
404-7855039-4530743,69756; 69669,FBA404-7855039-4530743; FBA404-7855039-4530743,to invoice; invoiced,sale; sale,23.95; 23.95
304-9789389-7169120,69224; 69045,FBA304-9789389-7169120; FBA304-9789389-7169120,to invoice; invoiced,sale; sale,26.95; 25.95
402-4469866-3773146,69002; 68389; 68388,FBA402-4469866-3773146; FBA402-4469866-3773146; FBA402-4469866-3773146,to invoice; to invoice; invoiced,sale; sale; sale,23.95; 19.95; 19.95
405-9046873-4040350,69004; 68400,FBA405-9046873-4040350; FBA405-9046873-4040350,to invoice; invoiced,sale; sale,23.95; 19.95
408-4632291-9798724,68568; 68412,FBA408-4632291-9798724; FBA408-4632291-9798724,to invoice; invoiced,sale; sale,36.14; 18.05
402-7313237-9922711,68430; 68080,FBA402-7313237-9922711; FBA402-7313237-9922711,invoiced; to invoice,sale; sale,108.17; 98.14
406-6741528-8683540,68069; 67935,FBA406-6741528-8683540; FBA406-6741528-8683540,to invoice; invoiced,sale; sale,23.95; 19.95
406-3895835-9890743,70044; 67865,FBA406-3895835-9890743; FBA406-3895835-9890743,to invoice; invoiced,sale; sale,18.07; 19.95
171-8838362-3507505,67911; 67910,FBA171-8838362-3507505; FBA171-8838362-3507505,to invoice; invoiced,sale; sale,39.9; 23.95
302-0819431-3237153,67190; 66578,FBA302-0819431-3237153; FBA302-0819431-3237153,to invoice; to invoice,sale; sale,57.959; 57.96
405-3811238-0426701,65581; 65390,FBA405-3811238-0426701; FBA405-3811238-0426701,to invoice; invoiced,sale; sale,23.95; 19.95
406-5842131-6873937,61174; 61173,FBA406-5842131-6873937; FBA406-5842131-6873937,to invoice; invoiced,sale; sale,19.38; 47.9
404-6383242-3964342,60912; 60043,FBA404-6383242-3964342; FBA404-6383242-3964342,to invoice; to invoice,sale; sale,30.15; 30.15
304-8548163-5390752,60175; 59986,FBA304-8548163-5390752; FBA304-8548163-5390752,to invoice; invoiced,sale; sale,22.95; 22.95
402-3677764-8293135,58321; 58219,FBA402-3677764-8293135; FBA402-3677764-8293135,to invoice; invoiced,sale; sale,24.95; 45.9
304-3756897-4762750,58375; 57613,FBA304-3756897-4762750; FBA304-3756897-4762750,to invoice; to invoice,sale; sale,22.95; 22.95
405-7567784-1265120,58225; 58018,FBA405-7567784-1265120; FBA405-7567784-1265120,to invoice; to invoice,sale; sale,24.95; 24.95
403-8475135-0357936,57414; 56384,FBA403-8475135-0357936; FBA403-8475135-0357936,to invoice; no,sale; sale,60.38; 111.079
028-5976887-6020343,55515; 55514,FBA028-5976887-6020343; FBA028-5976887-6020343,to invoice; to invoice,sale; sale,23.95; 23.95
303-2934861-0441917,55609; 55447,FBA303-2934861-0441917; FBA303-2934861-0441917,to invoice; to invoice,sale; sale,28.98; 48.714
404-2089502-8037118,54918; 54872,FBA404-2089502-8037118; FBA404-2089502-8037118,to invoice; to invoice,sale; sale,24.95; 24.95
408-3877034-5282717,54582; 53860,FBA408-3877034-5282717; FBA408-3877034-5282717,to invoice; to invoice,sale; sale,55.539; 53.12
302-5922415-7657958,52650; 52582,FBA302-5922415-7657958; FBA302-5922415-7657958,to invoice; invoiced,sale; sale,22.95; 23.95
304-7150276-7592315,52579; 52281,FBA304-7150276-7592315; FBA304-7150276-7592315,to invoice; invoiced,sale; sale,23.95; 23.95
402-8123733-0476355,53438; 53242,FBA402-8123733-0476355; FBA402-8123733-0476355,to invoice; to invoice,sale; sale,74.85; 299.4
406-1090596-4237156,51739; 51577,FBA406-1090596-4237156; FBA406-1090596-4237156,to invoice; to invoice,sale; sale,24.95; 24.95
306-1610188-8451535,49643; 49420,FBA306-1610188-8451535; FBA306-1610188-8451535,to invoice; to invoice,sale; sale,47.9; 46.9
306-6052664-9159558,49955; 49655,FBA306-6052664-9159558; FBA306-6052664-9159558,to invoice; invoiced,sale; sale,19.95; 23.95
303-8886163-4756330,49412; 49314,FBA303-8886163-4756330; FBA303-8886163-4756330,to invoice; to invoice,sale; sale,24.95; 47.9
306-0339527-1782734,49290; 49232,FBA306-0339527-1782734; FBA306-0339527-1782734,to invoice; invoiced,sale; sale,24.95; 23.95
404-7478353-1174764,49721; 49305,FBA404-7478353-1174764; FBA404-7478353-1174764,to invoice; to invoice,sale; sale,24.95; 24.95
405-1210040-1104322,46527; 46227,FBA405-1210040-1104322; FBA405-1210040-1104322,to invoice; to invoice,sale; sale,24.152; 144.909
305-4811559-8974763,45798; 45068,FBA305-4811559-8974763; FBA305-4811559-8974763,to invoice; invoiced,sale; sale,23.95; 21.95
403-6017028-8195514,44930; 44929,FBA403-6017028-8195514; FBA403-6017028-8195514,to invoice; invoiced,sale; sale,19.95; 21.95
028-1515191-7300310,43006; 42926,FBA028-1515191-7300310; FBA028-1515191-7300310,to invoice; to invoice,sale; sale,23.95; 95.8
028-0279447-3067506,42935; 42757,FBA028-0279447-3067506; FBA028-0279447-3067506,to invoice; invoiced,sale; sale,23.95; 17.95
028-2976173-8817901,43603; 43165,FBA028-2976173-8817901; FBA028-2976173-8817901,to invoice; to invoice,sale; sale,99.75; 39.9
306-9918877-2158711,38656; 38536,FBA306-9918877-2158711; FBA306-9918877-2158711,to invoice; to invoice,sale; sale,114.75; 114.75
302-5028201-3007520,38181; 38180,FBA302-5028201-3007520; FBA302-5028201-3007520,to invoice; invoiced,sale; sale,22.95; 22.95
407-1505304-0552325,37820; 37819,FBA407-1505304-0552325; FBA407-1505304-0552325,to invoice; invoiced,sale; sale,22.95; 38.9
402-9628735-7567567,38282; 38281,FBA402-9628735-7567567; FBA402-9628735-7567567,to invoice; to invoice,sale; sale,15.61; 78.05
304-5837880-3447512,36465; 36464,FBA304-5837880-3447512; FBA304-5837880-3447512,to invoice; invoiced,sale; sale,21.95; 21.95
405-3759785-6388314,35197; 35115,FBA405-3759785-6388314; FBA405-3759785-6388314,to invoice; invoiced,sale; sale,20.11; 24.15
408-6136327-9005915,33260; 33259,FBA408-6136327-9005915; FBA408-6136327-9005915,to invoice; to invoice,sale; sale,19.95; 19.95
404-9046811-3257101,32374; 32243,FBA404-9046811-3257101; FBA404-9046811-3257101,to invoice; to invoice,sale; sale,19.95; 19.95
404-4785055-5581104,30487; 30400,FBA404-4785055-5581104; FBA404-4785055-5581104,to invoice; to invoice,sale; sale,21.95; 21.95
302-0715257-7145950,30473; 30472,FBA302-0715257-7145950; FBA302-0715257-7145950,to invoice; to invoice,sale; sale,19.95; 41.9
305-0383375-3541118,28705; 28704,FBA305-0383375-3541118; FBA305-0383375-3541118,to invoice; to invoice,sale; sale,22.67; 45.33
404-8107986-3680334,17060; 16899,FBA404-8107986-3680334; FBA404-8107986-3680334,no; no,cancel; cancel,71.52; 17.88
304-6206430-6815550,15491; 15410,FBA304-6206430-6815550; FBA304-6206430-6815550,no; no,cancel; cancel,49.9; 24.95